openwith	language	year
MP3	English	
PDF.js	English	2014
PDF.js	English	2014
PDF.js	English	2014
PDF.js	English	2007
PDF.js	English	2014
PDF.js	eng	
PDF.js		
PDF.js	English	
MP3	English	
Flow Video Player	Sawhili	
PDF.js	English	
Native Video	English	
PDF.js	English	
PDF.js	English	2011
PDF.js	English	
PDF.js	Arabic	
PDF.js	Arabic	
Native Video	Somali	
PDF.js	English	2004
PDF.js	Somali	
PDF.js	Somali	
PDF.js	English	
PDF.js	English	1996
PDF.js	English	
PDF.js	English	2004
PDF.js	English	
PDF.js	English	
PDF.js	English	
PDF.js	English	
PDF.js	English	
PDF.js	English	None
PDF.js	English	2012
Flow Video Player	English	
Flow Video Player	English	
PDF.js	eng	1911
PDF.js	English	
PDF.js	English	2014
PDF.js	English	1911
Flow Video Player	eng	2012
PDF.js	English	2013
PDF.js	Spanish	1949
Flow Video Player		
Flow Video Player	Urdu, English	
Flow Video Player	English	2012
PDF.js	English	2013
PDF.js	English	
MP3	 English 	
PDF.js	Somali and English 	
PDF.js	English	2009
MP3	English	
PDF.js	English	
PDF.js	English	
PDF.js	English	
PDF.js	English	
PDF.js	English	
PDF.js	English	
PDF.js		2011
PDF.js	English	2006
PDF.js	English	
PDF.js	Arabic	
PDF.js	Arabic	
PDF.js	English	
PDF.js	English	1997
Flow Video Player	English	
PDF.js	English	1828-1905
Just download	None	None
PDF.js	English	
MP3	English	
MP3	English	
MP3	English	
MP3	English	
PDF.js	English	2002
PDF.js	English	
PDF.js	English	
PDF.js	English	
PDF.js	English	
PDF.js	eng	1996
PDF.js	English	
PDF.js	English	
PDF.js	English	
PDF.js	English	2015
PDF.js	English	
PDF.js	English	2015
PDF.js	English	2014
PDF.js	English	2014
PDF.js	English	2014
PDF.js	English	2014
PDF.js	English	2014
PDF.js	English	2014
PDF.js	English	2014
PDF.js	English	2014
PDF.js	English	2014
MP3	eng	1995
MP3	eng	1995
Flow Video Player	English	2015
PDF.js	English	2015
PDF.js	English	2011
PDF.js	English	
PDF.js	English	
PDF.js	English	
PDF.js	English	
PDF.js	English	
PDF.js	English	
Flow Video Player	English	2014
Flow Video Player	English	2014
PDF.js	eng	
PDF.js	eng	
PDF.js	English	
PDF.js	eng	2006
PDF.js	Arabic	
MP3	English	
MP3	eng	
PDF.js	Somali	
PDF.js	Somali	
PDF.js	Somali	
PDF.js	eng	
PDF.js	English	2001
PDF.js	eng	2001
PDF.js	English	
PDF.js	English	2014
PDF.js	English	1999
PDF.js	English	
PDF.js	English	
PDF.js	English	
Flow Video Player	Somali and English	
Native Video		
PDF.js		
PDF.js		
PDF.js		
PDF.js		
PDF.js	English	
MP3	English	1966
Flow Video Player	eng	2014
PDF.js	English	
PDF.js	English	2015
PDF.js	English	2015
PDF.js	English	2015
Flow Video Player	English	
PDF.js	English	2014
PDF.js	English	2014
Flow Video Player	English	
Flow Video Player	English	
Flow Video Player	English	
Flow Video Player	English	
Flow Video Player	English	
Flow Video Player	English	
Flow Video Player	English	
Flow Video Player	English	
Flow Video Player	English	
Flow Video Player	English	
Flow Video Player	English	
Flow Video Player	English	
PDF.js	English	2015
Flow Video Player	English	
Flow Video Player	English	
Flow Video Player	English	
Flow Video Player	English	
Flow Video Player	English	
Flow Video Player	English	
Flow Video Player	English	
Flow Video Player	English	
Flow Video Player	English	
Flow Video Player	Arabic	2012
Flow Video Player	Arabic	2012
Flow Video Player	Arabic	2012
Flow Video Player	Arabic	2012
Flow Video Player	English	
Just download	Arabic	2012
Flow Video Player	Arabic	2013
Flow Video Player	Arabic	2013
Flow Video Player	Arabic	2013
Flow Video Player	Arabic	2013
Flow Video Player	Arabic	2013
Flow Video Player	Arabic	2013
Flow Video Player	Arabic	2013
Flow Video Player	Arabic	2013
Flow Video Player	Arabic	2013
Flow Video Player	Arabic	2013
Flow Video Player	Arabic	2013
Flow Video Player	Arabic	2013
Flow Video Player	Arabic	2013
Flow Video Player	Arabic	2013
Flow Video Player	Arabic	2013
Flow Video Player	Arabic	2013
Flow Video Player	Arabic	2013
Flow Video Player	Arabic	2013
Flow Video Player	Arabic	2013
Flow Video Player	Arabic	2013
Flow Video Player	Arabic	2013
Flow Video Player	Arabic	2013
Flow Video Player	Arabic	2013
Flow Video Player	Arabic	2013
Flow Video Player	Arabic	2013
Flow Video Player	Arabic	2013
Flow Video Player	Arabic	2013
Flow Video Player	Arabic	2013
Flow Video Player	Arabic	2013
Flow Video Player	Arabic	2013
Flow Video Player	Arabic	2013
Flow Video Player	Arabic	2013
Flow Video Player	Arabic	2013
Flow Video Player	Arabic	2013
Flow Video Player	Arabic	2013
Flow Video Player	Arabic	2013
Flow Video Player	Arabic	2013
Flow Video Player	Arabic	2013
Flow Video Player	Arabic	2013
Flow Video Player	Arabic	2013
Flow Video Player	Arabic	2013
Flow Video Player	Arabic	2013
Flow Video Player	Arabic	2013
Flow Video Player	Arabic	2013
Flow Video Player	Arabic	2013
Flow Video Player	Arabic	2013
Flow Video Player	Arabic	2013
Flow Video Player	Arabic	2013
PDF.js	Somali	
PDF.js	English	2008
PDF.js	English	2011
PDF.js	English	2009
PDF.js	eng	
Flow Video Player	English	
Flow Video Player	English	
Flow Video Player	English	
Flow Video Player	English	
Flow Video Player	English	
Flow Video Player	English	
Flow Video Player	English	
Flow Video Player	English	
Flow Video Player	English	
Flow Video Player	English	
Flow Video Player	English	
Flow Video Player	English	
Just download	English	
Flow Video Player	English	
Flow Video Player	English	
Flow Video Player	English	
Flow Video Player	English	
Flow Video Player	English	
Flow Video Player	English	
Flow Video Player	English	
Flow Video Player	English	
Flow Video Player	English	
Flow Video Player	English	
Flow Video Player	English	
Flow Video Player	English	
Flow Video Player	English	
Flow Video Player	English	
Flow Video Player	English	
Flow Video Player	English	
Flow Video Player	English	
Flow Video Player	English	
Flow Video Player	English	
Flow Video Player	English	
Flow Video Player	English	
Flow Video Player	English	
Flow Video Player	English	
Flow Video Player	English	
Flow Video Player	English	
Flow Video Player	English	
Flow Video Player	English	
Flow Video Player	English	
Flow Video Player	English	
Flow Video Player	English	
Flow Video Player	English	
Flow Video Player	English	
Flow Video Player	English	
Flow Video Player	English	
Flow Video Player	English	
Flow Video Player	English	
Flow Video Player	English	
Flow Video Player	English	
Flow Video Player	English	
Flow Video Player	English	
Flow Video Player	English	
Flow Video Player	English	
Flow Video Player	English	
Flow Video Player	English	
Native Video	English	
Flow Video Player	English	
Flow Video Player	English	
Flow Video Player	English	
Flow Video Player	English	
Flow Video Player	English	
Flow Video Player	English	
Flow Video Player	English	
Flow Video Player	English	
Flow Video Player	English	
Flow Video Player	English	
Flow Video Player	English	
Flow Video Player	English	
Flow Video Player	English	
Flow Video Player	English	
Flow Video Player	English	
Flow Video Player	English	
Flow Video Player	English	
Flow Video Player	English	
Flow Video Player	English	
Flow Video Player	English	
Flow Video Player	English	
Flow Video Player	English	
Flow Video Player	English	
Flow Video Player	English	
Flow Video Player	English	
Flow Video Player	English	
Flow Video Player	English	
Flow Video Player	English	
Flow Video Player	English	
Flow Video Player	English	
Flow Video Player	English	
Flow Video Player	English	
Flow Video Player	English	
Flow Video Player	English	
Flow Video Player	English	
Flow Video Player	English	
Flow Video Player	English	
Flow Video Player	English	
Flow Video Player	English	
Flow Video Player	English	
Flow Video Player	English	
Flow Video Player	English	
Flow Video Player	English	
Flow Video Player	English	
Flow Video Player	English	
Flow Video Player	English	
Flow Video Player	English	
Flow Video Player	English	
Flow Video Player	English	
Flow Video Player	English	
Flow Video Player	English	
Flow Video Player	English	
Flow Video Player	English	
Flow Video Player	English	
Flow Video Player	English	
Just download	English	
Flow Video Player	English	
Flow Video Player	English	
Flow Video Player	English	
Flow Video Player	English	
Flow Video Player	English	
Flow Video Player	English	
Flow Video Player	English	
Flow Video Player	English	
Flow Video Player	English	
Flow Video Player	English	
Flow Video Player	English	
Flow Video Player	English	
Flow Video Player	English	
Flow Video Player	English	
Flow Video Player	English	
Flow Video Player	English	
Flow Video Player	English	
Flow Video Player	English	
Flow Video Player	English	
Flow Video Player	English	
Flow Video Player	English	
Flow Video Player	English	
Flow Video Player	English	
Flow Video Player	English	
Flow Video Player	English	
Flow Video Player	English	
Flow Video Player	English	
Flow Video Player	English	
Flow Video Player	English	
Flow Video Player	English	
Flow Video Player	English	
Flow Video Player	English	
Flow Video Player	English	
Flow Video Player	English	
Flow Video Player	English	
Flow Video Player	English	
Flow Video Player	English	
Flow Video Player	English	
Flow Video Player	English	
Flow Video Player	English	
Flow Video Player	English	
Flow Video Player	English	
Flow Video Player	English	
Flow Video Player	English	
Flow Video Player	English	
Flow Video Player	English	
Flow Video Player	English	
Flow Video Player	English	
Flow Video Player	English	
Flow Video Player	English	
Flow Video Player	English	
Flow Video Player	English	
Flow Video Player	English	
Flow Video Player	English	
Flow Video Player	English	
Flow Video Player	English	
Flow Video Player	English	
PDF.js	English	2008
PDF.js	English	2010
PDF.js	English	2010
PDF.js	English	2008
PDF.js	English	2010
PDF.js	English	2010
PDF.js	English	
Flow Video Player	English	2013
Flow Video Player	Eng	
PDF.js	Eng	
Flow Video Player	English	2014
PDF.js	eng	1913
PDF.js	eng	
Native Video	English	
Native Video	English	
PDF.js	English	
Flow Video Player	eng	2014
PDF.js	English	2004
PDF.js	English	2003
PDF.js	English	2004
PDF.js	English	2004
Flow Video Player	Somali	
Flow Video Player	English	
PDF.js	English	
PDF.js	English	
PDF.js	English	
Flow Video Player	English	2014
PDF.js	eng	2014
PDF.js	English	2012
PDF.js	English	
PDF.js	English	2010
MP3	English	
PDF.js	Somali	
PDF.js	English	
PDF.js	English	
PDF.js	English	
PDF.js	English	
PDF.js	English	
PDF.js	English	
PDF.js	English	
PDF.js	English	
PDF.js	English	2014
PDF.js	English	2014
PDF.js	English	2014
PDF.js	English	
PDF.js	English	
Flow Video Player	English	
Flow Video Player	English	
Flow Video Player	English	
Flow Video Player	Somali	
PDF.js	English	
Flow Video Player	English	
Flow Video Player	English	
PDF.js	English	
Flow Video Player	eng	
Flow Video Player	eng	
PDF.js	English	
PDF.js	English	
PDF.js	eng	2009
PDF.js	English	
PDF.js	English	2013
PDF.js	English	
PDF.js	spa	2013
PDF.js	English	
PDF.js	Spanish	
PDF.js	eng	1948
PDF.js	English	
PDF.js	English	
PDF.js	English	
PDF.js	Arabic	
PDF.js	English	
PDF.js	English	2004
PDF.js	Eng	
Flow Video Player	Somali	
PDF.js	English	
PDF.js	English	2010
PDF.js	English	2013
PDF.js	English	2007
MP3	English	
PDF.js	Eng	
Flow Video Player	Somali	
Flow Video Player	Somali	
PDF.js		2006
MP3	English	
MP3	English	
MP3	English	
MP3	English	
Flow Video Player	English	
Native Video	Somali	None
Flow Video Player	English	
PDF.js	English	
Flow Video Player	English	
PDF.js	English	2011
PDF.js	English	
PDF.js	English	2001
MP3	English	
PDF.js	English	
PDF.js	English	2004
PDF.js	English	
PDF.js	English	2014
PDF.js	English	
PDF.js	English	2010
PDF.js	English	2014
PDF.js	English and Somali	2014
PDF.js	eng	
PDF.js	English	
PDF.js		
PDF.js		
PDF.js	Arabic	
PDF.js	Arabic	
PDF.js	English	
PDF.js	English	
PDF.js	English	
PDF.js	Arabic	
PDF.js	English	
PDF.js	English	2009
PDF.js	English	2009
PDF.js	English	2008
PDF.js	English	
PDF.js	English	2014
PDF.js	English	2014
PDF.js	Swahili	2014
PDF.js	English	
PDF.js	English	2004
PDF.js	English	
Native Video	som	2013
PDF.js	eng	
PDF.js	English	
PDF.js	English	
PDF.js	English	
PDF.js	English	1999
PDF.js	English	
PDF.js	English	
PDF.js	English	
PDF.js	English	
PDF.js	English	
PDF.js	English	
PDF.js	Eng	
PDF.js	English	
PDF.js	English	
PDF.js	English	
PDF.js	English	
PDF.js	English	
PDF.js	English	
Flow Video Player	eng	
Flow Video Player	eng	
PDF.js	eng	
PDF.js	eng	
PDF.js	Somali	
Flow Video Player	English	
PDF.js	Somali	
PDF.js	English 	
Flow Video Player	English	2014
PDF.js	English	
PDF.js	English	1999
PDF.js	English	1999
PDF.js	English	2002
PDF.js	English	2004
PDF.js	English	2004
PDF.js	English	2004
PDF.js	English	2004
PDF.js	English	2004
PDF.js	English	2002
PDF.js	English	
PDF.js	English	
PDF.js	English	
PDF.js	English	
PDF.js	English	
PDF.js	English	
PDF.js	English	
PDF.js	English	
PDF.js	English	2010
PDF.js	English	
PDF.js	English	
PDF.js	Arabic	
MP3	English	
MP3	English	
PDF.js	English	
PDF.js	English	2012
Flow Video Player	English	
PDF.js	English	
PDF.js	eng	
PDF.js	English	
PDF.js	English	
PDF.js	English	1998
PDF.js	English	
PDF.js	English	
PDF.js	English	
PDF.js	English	
PDF.js	English	
PDF.js	eng	
Native Video	Somali	
PDF.js	eng	2013
PDF.js	English	2012
MP3	English	
PDF.js	eng	
PDF.js	English	
PDF.js	eng	
PDF.js	eng	
PDF.js	English	
PDF.js	English	
MP3	English	
PDF.js	English	
Flow Video Player	English	
Flow Video Player	English	
Flow Video Player	eng	2014
Flow Video Player	eng	2014
PDF.js	English	2014
PDF.js	English	2014
PDF.js	Swahili	2014
PDF.js	English	2014
PDF.js	English	2014
PDF.js	English	2014
PDF.js	English	2014
PDF.js	English	2014
PDF.js	English	2014
PDF.js	English	2014
PDF.js	English	
PDF.js	English	
Flow Video Player	English	
Native Video	English	
Native Video	English	
Flow Video Player	English	
Flow Video Player	English	
Flow Video Player	English	
Flow Video Player	English	
Flow Video Player	English	
Flow Video Player	English	
PDF.js	English	
PDF.js	Somali	
PDF.js	English	
PDF.js	None	None
PDF.js	None	None
PDF.js	English	2014
PDF.js	English	2014
PDF.js	eng	1854
Flow Video Player		
PDF.js	Eng	
PDF.js	Eng	
PDF.js	Eng	
PDF.js	Eng	
PDF.js	Eng	
Flow Video Player		
MP3	English	
PDF.js	English	
PDF.js	English	
PDF.js	English	
PDF.js	English	2012
PDF.js	English	2012
PDF.js	English	2012
PDF.js	English	2012
PDF.js	English	2012
PDF.js	English	2012
PDF.js	English	2012
PDF.js	English	2012
PDF.js	English	2011
PDF.js	English	2012
PDF.js	English	2012
PDF.js	English	2012
PDF.js	English	2012
PDF.js	English	2012
PDF.js	English	2012
Flow Video Player	Spanish	
PDF.js	English	2012
Flow Video Player	Spanish	
PDF.js	English	2011
Flow Video Player	Spanish	
PDF.js	English	2012
Flow Video Player	Spanish	
PDF.js	English	2011
PDF.js	English	2012
Flow Video Player	Spanish	
PDF.js	English	2012
Flow Video Player	Spanish	
PDF.js	English	2012
PDF.js	English	2011
Flow Video Player	Spanish	
PDF.js	English	2011
PDF.js	English	2012
PDF.js	English	2012
PDF.js	English	2012
Flow Video Player	Spanish	
PDF.js	English	2012
PDF.js	English	2012
Flow Video Player	Spanish	
PDF.js	English	2012
Flow Video Player	Spanish	
PDF.js	English	2011
PDF.js	English	2012
PDF.js	English	2011
Just download	Spanish	
PDF.js	English	2012
PDF.js	English	2011
Flow Video Player	Spanish	
Flow Video Player	Spanish	
Flow Video Player	Spanish	
Flow Video Player	Spanish	
Flow Video Player	Spanish	
Flow Video Player	Spanish	
Flow Video Player	Spanish	
Flow Video Player	Spanish	
Flow Video Player	English	
Flow Video Player	Spanish	
Flow Video Player	English	
Flow Video Player	Spanish	
Flow Video Player	Spanish	
Flow Video Player	Spanish	
Flow Video Player	Spanish	
Flow Video Player	English	
Flow Video Player	Spanish	
Flow Video Player	English	
Flow Video Player	Spanish	
Flow Video Player	English	
Flow Video Player	Spanish	
Flow Video Player	English	
Flow Video Player	English	
Flow Video Player	English	
Flow Video Player	Spanish	
Flow Video Player	English	
Flow Video Player	English	
Flow Video Player	Spanish	
Flow Video Player	English	
Flow Video Player	English	
Flow Video Player	Spanish	
Flow Video Player	English	
Flow Video Player	English	
Flow Video Player	Spanish	
Flow Video Player	English	
Flow Video Player	English	
Flow Video Player	English	
Flow Video Player	English	
Flow Video Player	English	
Flow Video Player	English	
Flow Video Player	English	
Flow Video Player	English	
Flow Video Player	English	
Flow Video Player	English	
Flow Video Player	English	
Flow Video Player	English	
Flow Video Player	English	
Flow Video Player	English	
Flow Video Player	English	
Flow Video Player	English	
Flow Video Player	English	
Flow Video Player	English	
Flow Video Player	English	
Flow Video Player	English	
Flow Video Player	English	
Flow Video Player	English	
Flow Video Player	English	
Flow Video Player	English	
Flow Video Player	English	
Flow Video Player	English	
Flow Video Player	English	
Flow Video Player	English	
Flow Video Player	English	
Flow Video Player	English	
Flow Video Player	English	
Flow Video Player	English	
Flow Video Player	English	
Flow Video Player	English	
Flow Video Player	English	
Flow Video Player	English	
Flow Video Player	Spanish	
Flow Video Player	Spanish	
Flow Video Player	Spanish	
Flow Video Player	Spanish	
Flow Video Player	Spanish	
Flow Video Player	Spanish	
Flow Video Player	Spanish	
Flow Video Player	Spanish	
Flow Video Player	Spanish	
Flow Video Player	Spanish	
Flow Video Player	Spanish	
Flow Video Player	Spanish	
Flow Video Player	Spanish	
Flow Video Player	Spanish	
Flow Video Player	Spanish	
Flow Video Player	Spanish	
Flow Video Player	Spanish	
Flow Video Player	Spanish	
Flow Video Player	Spanish	
Flow Video Player	Spanish	
Flow Video Player	Spanish	
Flow Video Player	Spanish	
Flow Video Player	Spanish	
Flow Video Player	Spanish	
Flow Video Player	Spanish	
Flow Video Player	Spanish	
PDF.js	Spanish	1999
Flow Video Player	English	
Flow Video Player	English	
Flow Video Player	English	
Flow Video Player	English	
PDF.js	Spanish	
Flow Video Player	English	
Flow Video Player	English	
Flow Video Player	English	
PDF.js	Spanish	1909
Flow Video Player	English	
Flow Video Player	English	
Flow Video Player	Spanish	
Flow Video Player	English	
Flow Video Player	Spanish	
Flow Video Player	English	
Flow Video Player	Spanish	
Flow Video Player	English	
Flow Video Player	English	
Flow Video Player	Spanish	
Flow Video Player	English	
Flow Video Player	Spanish	
Flow Video Player	English	
Flow Video Player	Spanish	
Flow Video Player	Spanish	
Flow Video Player	English	
Flow Video Player	Spanish	
Flow Video Player	English	
Flow Video Player	English	
Flow Video Player	English	
Flow Video Player	English	
Flow Video Player	English	
Flow Video Player	English	
Flow Video Player	English	
Flow Video Player	English	
PDF.js	Spanish	2007
Flow Video Player	English	
Flow Video Player	English	
Flow Video Player	Spanish	
Flow Video Player	English	
Flow Video Player	Spanish	
Flow Video Player	English	
Flow Video Player	Spanish	
Flow Video Player	English	
Flow Video Player	Spanish	
Flow Video Player	English	
Flow Video Player	Spanish	
Flow Video Player	English	
Flow Video Player	English	
Flow Video Player	Spanish	
Flow Video Player	English	
Flow Video Player	Spanish	
Flow Video Player	English	
Flow Video Player	English	
Flow Video Player	Spanish	
Flow Video Player	Spanish	
Flow Video Player	English	
Just download	Spanish	
PDF.js	Spanish	1554
Flow Video Player	English	
PDF.js	Spanish	1910
Flow Video Player	Spanish	
Flow Video Player	English	
Flow Video Player	Spanish	
Flow Video Player	English	
Flow Video Player	English	
Flow Video Player	English	
Flow Video Player	English	
Flow Video Player	English	
Flow Video Player	English	
Flow Video Player	Spanish	
Flow Video Player	Spanish	
Flow Video Player	Spanish	
Flow Video Player	Spanish	
Flow Video Player	Spanish	
Flow Video Player	Spanish	
PDF.js	French	
PDF.js	French	
Flow Video Player	Spanish	
Flow Video Player	Spanish	
Flow Video Player	English	
Flow Video Player	English	
Flow Video Player	English	
Flow Video Player	Spanish	
Flow Video Player	English	
Flow Video Player	Spanish	
Flow Video Player	Spanish	
Flow Video Player	English	
Flow Video Player	Spanish	
Flow Video Player	English	
Flow Video Player	English	
Flow Video Player	English	
Flow Video Player	Spanish	
Flow Video Player	Spanish	
Flow Video Player	English	
Flow Video Player	English	
Flow Video Player	Spanish	
Flow Video Player	English	
Flow Video Player	English	
Flow Video Player	Spanish	
PDF.js	French	2015
PDF.js	French	
Flow Video Player	Spanish	
Flow Video Player	Spanish	
PDF.js	French	
PDF.js	French	2015
PDF.js	French	
Flow Video Player	Spanish	
PDF.js	French	
Flow Video Player	Spanish	
PDF.js	French	
Flow Video Player	Spanish	
PDF.js	French	
PDF.js	French	
Flow Video Player	Spanish	
PDF.js	French	
PDF.js	French	
PDF.js	French	
PDF.js	French	
PDF.js	French	
PDF.js	French	
PDF.js	French	2015
PDF.js	French	
PDF.js	French	2015
PDF.js	Spanish	
Flow Video Player	English	
PDF.js	Spanish	
PDF.js	Spanish	
Flow Video Player	English	
Flow Video Player	English	
Flow Video Player	English	
Flow Video Player	Spanish	
Flow Video Player	Spanish	
Flow Video Player	Spanish	
PDF.js	English	2012
PDF.js	Spanish	2012
PDF.js	English	2015
PDF.js	English	2015
PDF.js	Swahili	2015
PDF.js	Spanish	
PDF.js	Spanish	
PDF.js	Spanish	
PDF.js	Spanish	
Flow Video Player	English	2015
PDF.js	Arabic	2012
PDF.js	Arabic	2012
PDF.js	Arabic	2012
PDF.js	Arabic	2012
PDF.js	Arabic	2012
PDF.js	Arabic	2012
PDF.js	Arabic	2012
PDF.js	Arabic	2011
PDF.js	Arabic	2010
PDF.js	Arabic	2010
PDF.js	Arabic	2010
PDF.js	Arabic	2008
PDF.js	Arabic	2008
PDF.js	Arabic	2007
PDF.js	Arabic	2007
PDF.js	Arabic	2005
PDF.js	Spanish	
PDF.js	Spanish	
PDF.js	Spanish	
PDF.js	Spanish	
PDF.js	Spanish	
PDF.js	Spanish	
PDF.js	Spanish	
PDF.js	Spanish	
PDF.js	Spanish	
PDF.js	Spanish	
PDF.js	Spanish	
PDF.js	Spanish	
PDF.js	Spanish	
PDF.js	Spanish	
PDF.js	Spanish	
PDF.js	Spanish	2013
PDF.js	Spanish	2012
PDF.js	Spanish	2013
PDF.js	Spanish	2012
PDF.js	Spanish	2012
PDF.js	Swahili	2015
PDF.js	Swahili	2014
PDF.js	Swahili, English	2015
PDF.js	Spanish	
PDF.js	Spanish	
PDF.js	Spanish	
PDF.js	Spanish	
PDF.js	Spanish	
PDF.js	Spanish	
PDF.js	Spanish	
PDF.js	Spanish	
PDF.js	Spanish	
PDF.js	Spanish	
PDF.js	Spanish	
PDF.js	Spanish	
PDF.js	Spanish	
PDF.js	Spanish	
PDF.js	Spanish	
Just download	Spanish	
PDF.js	Spanish	
PDF.js	Spanish	
PDF.js	Swahili	2015
PDF.js	Swahili	2014
PDF.js	Swahili	2015
Just download	Swahili	2015
PDF.js	Swahili	2014
Just download	Swahili	2014
PDF.js	Swahili	2015
PDF.js	Swahili	2014
PDF.js	Swahili	2015
PDF.js	Swahili	2014
PDF.js	Swahili	2015
PDF.js	Swahili, English	2014
PDF.js	Swahili	2015
PDF.js	Swahili	2014
PDF.js	Swahili	2014
PDF.js	Swahili	2015
PDF.js	Swahili	2014
PDF.js	Swahili	2014
PDF.js	Swahili	2014
PDF.js	Swahili	2015
PDF.js	Swahili	2015
PDF.js	Swahili	2014
PDF.js	Swahili	2014
PDF.js	Swahili	2014
PDF.js	Swahili	2014
PDF.js	Arabic	2013
PDF.js	Swahili	2014
PDF.js	Arabic	2013
PDF.js	Arabic	2013
PDF.js	Swahili	2014
PDF.js	Swahili	2014
PDF.js	Arabic	2013
PDF.js	English	2013
PDF.js	Swahili	2014
PDF.js	Swahili	2014
PDF.js	Arabic	2013
PDF.js	Arabic	2013
PDF.js	English	2014
PDF.js	English	
PDF.js	English	2004
PDF.js	English	2004
PDF.js	English	2004
PDF.js	English	2003
PDF.js	English	2013
PDF.js	English	
MP3	Spanish	
PDF.js	English	2011
PDF.js	English	
PDF.js	English	2010
PDF.js	English	2015
PDF.js		
PDF.js	eng	
PDF.js	English	
PDF.js	English	
PDF.js	Arabic	
PDF.js	Somali	
PDF.js	English	
PDF.js	eng	
PDF.js	eng	
PDF.js	eng	
PDF.js	eng	
PDF.js	eng	
PDF.js	eng	
PDF.js	eng	
PDF.js	English	2003
Native Video	English	
Native Video	English	
PDF.js	English	2012
PDF.js	English	
PDF.js	English	
PDF.js	English	
PDF.js	English	2012
PDF.js	English	
PDF.js	English	
Flow Video Player	eng	
PDF.js	eng	
PDF.js	English	
PDF.js	English	
PDF.js	English	
PDF.js	English	1911
Flow Video Player	Som / Eng	
PDF.js	Eng	
PDF.js	Arabic	
PDF.js	English	
PDF.js	English	
MP3	English	
Flow Video Player	English	2013
PDF.js	English	
Flow Video Player	English and Nepalese	
PDF.js	English	
PDF.js	English	
PDF.js	eng	
PDF.js	eng	
PDF.js	English	
Flow Video Player	English and Somali	
Flow Video Player	English and Somali	
PDF.js	English	
PDF.js	English	
PDF.js	English	
PDF.js	English	
PDF.js	English	2004
PDF.js	English	
PDF.js		
PDF.js		
PDF.js	English	
PDF.js	English	
PDF.js	English	
PDF.js	English	
PDF.js	English	
PDF.js	English	
PDF.js	English	
PDF.js	English	
PDF.js	English	
PDF.js	English	
PDF.js	English	
PDF.js	English	
PDF.js	English	
PDF.js	English	2009
PDF.js	English	2009
Flow Video Player	English	
Native Video	English	
PDF.js	Somali and English	
PDF.js	English	None
PDF.js	English	None
PDF.js	English	None
PDF.js	English	None
PDF.js	English	
PDF.js	English	None
PDF.js	English	
PDF.js	English	
PDF.js	English	None
PDF.js	English	2009
PDF.js		
Flow Video Player	eng	2014
PDF.js	Eng	
PDF.js	Somali	
PDF.js	eng	1945
Flow Video Player	English	
Flow Video Player	English	
PDF.js	English	
PDF.js	English	
PDF.js	English	
PDF.js	English	
PDF.js	English	1789
Flow Video Player	English and Somali	
PDF.js	eng	2010
PDF.js	eng	
PDF.js	eng	2010
PDF.js	eng	2011
PDF.js	eng	2013
PDF.js	eng	
PDF.js	French	
PDF.js	French	2010
PDF.js	French	
PDF.js	French	2013
PDF.js	English	2011
PDF.js	English	2012
PDF.js	English	2012
PDF.js	English	2013
PDF.js	English	
PDF.js	English	2014
PDF.js	English	
PDF.js	English	None
PDF.js	Somali	
PDF.js	Arabic	
PDF.js	Arabic	
PDF.js	Arabic	
PDF.js	English	1865
PDF.js	English	
PDF.js	English	
PDF.js	English	
PDF.js	English	
PDF.js	English	
PDF.js	English	
PDF.js	English	
PDF.js	English	
PDF.js	English	
PDF.js	English	
PDF.js	English	
PDF.js	English	
PDF.js	English	
PDF.js	English	
PDF.js	English	
PDF.js	English	
PDF.js	English	1922
PDF.js	English	1901
PDF.js	English	2014
PDF.js	English	2014
PDF.js	English	2013
PDF.js	English	2010
PDF.js	English	2010
PDF.js	English	
PDF.js	English	
PDF.js	English	1886
PDF.js	English	1886
PDF.js	English	
PDF.js	English	1884
Flow Video Player	Swahili	2015
PDF.js	English	2010
PDF.js	English	
PDF.js	English	
PDF.js	English	
PDF.js	English	1922
PDF.js	English	1889
PDF.js	English	1889
PDF.js	English	
PDF.js	English	
PDF.js	English	2014
PDF.js	English	1910
Flow Video Player	English	
Flow Video Player	English	
MP3	eng	1976
MP3	eng	1976
Native Video	eng	
Flow Video Player	English and Arabic	2014
Flow Video Player	English	2014
Flow Video Player	eng	2014
PDF.js	English	
PDF.js	English	
PDF.js	eng	
PDF.js	Eng	
PDF.js	Eng	
MP3	English	
MP3	English	
PDF.js	English	
MP3	English	
MP3	eng	2011
PDF.js	English	
PDF.js	eng	2011
PDF.js	English	
PDF.js	eng	
MP3	English	
PDF.js	English	
PDF.js	eng	2009
MP3	English	
PDF.js	English	
MP3	English	
MP3	English	
PDF.js	English	
PDF.js	Eng	
MP3	English	
PDF.js	English	
MP3	English	
PDF.js	English	2004
PDF.js	English	2013
PDF.js	English	
PDF.js	English	
PDF.js	English	
PDF.js	English	
PDF.js	English	
PDF.js	English	
PDF.js	English	
PDF.js	English	
PDF.js	English	
PDF.js	English	
PDF.js	English	2014
PDF.js	English	
PDF.js	English	
PDF.js	English	2014
PDF.js	English	
PDF.js	English	2014
PDF.js	English	2014
MP3	English	
MP3	English	
PDF.js		
PDF.js	eng	
MP3	English	
MP3	English	
MP3	English	
PDF.js	English	2004
PDF.js	English	2004
PDF.js	English	1999
PDF.js	English	1993
PDF.js	English	2004
PDF.js	english	
PDF.js	English	
PDF.js	English	
PDF.js	English	
PDF.js	English	1998
PDF.js	eng	
PDF.js	English	
PDF.js		
PDF.js	English	
PDF.js	English	
PDF.js		
Flow Video Player	English 	
PDF.js	English	
Flow Video Player	English	
PDF.js	English	2011
PDF.js	English	
PDF.js	eng	
PDF.js	eng	
MP3	English	
MP3	English	
PDF.js	English	
PDF.js	Eng	
PDF.js	English	
PDF.js	eng	2009
PDF.js	English	
PDF.js	English	
PDF.js	English	
PDF.js	English	
PDF.js	English	
PDF.js	English	
PDF.js	English	
PDF.js	English	
PDF.js	English	
PDF.js	English	
PDF.js	English	
PDF.js	English	
PDF.js	English	
PDF.js	English	
PDF.js	English	
PDF.js	English	
PDF.js	English	
PDF.js	English	
PDF.js	English	
PDF.js	English	
PDF.js	English	
PDF.js	English	
PDF.js	English	
PDF.js	English	
PDF.js	English	
PDF.js	English	
PDF.js	English	
PDF.js		
PDF.js	English	
PDF.js	English	
PDF.js	English	
PDF.js	English	
PDF.js	English	
PDF.js	English	
PDF.js	English	
PDF.js	English	
PDF.js	English	
PDF.js	English	
PDF.js	English	
PDF.js	English	
PDF.js	English	
PDF.js	English	
PDF.js	English	
PDF.js	English	
PDF.js	English	
PDF.js	English	
PDF.js	English	
PDF.js	English	
PDF.js	English	
PDF.js	English	
PDF.js	English	
PDF.js	English	
PDF.js	English	
PDF.js	English	
PDF.js	English	
PDF.js	English	
PDF.js	English	
PDF.js	English	
PDF.js	English	
PDF.js	English	
PDF.js	English	
PDF.js	English	
MP3	English	
Flow Video Player		
PDF.js	English	
PDF.js	English	
PDF.js	English	2004
PDF.js	English	
PDF.js	English	
PDF.js	English	
Flow Video Player	Arabic	2013
Flow Video Player	Arabic	2013
Flow Video Player	Arabic	2013
Flow Video Player	Arabic	2013
Flow Video Player	Arabic	2013
Flow Video Player	Arabic	2013
Flow Video Player	Arabic	2013
Flow Video Player	Arabic	2013
Flow Video Player	Arabic	2013
Flow Video Player	Arabic	2013
Flow Video Player	Arabic	2013
Just download	Arabic	2013
Flow Video Player	Arabic	2013
Flow Video Player	Arabic	2013
Flow Video Player	Arabic	2013
Flow Video Player	Arabic	2013
Flow Video Player	Arabic	2013
Flow Video Player	Arabic	2013
Flow Video Player	Arabic	2013
Just download	Arabic	
Just download	Arabic	
Just download	Arabic	
Just download	Arabic	
Just download	Arabic	
Just download	Arabic	
Just download	Arabic	
Just download	Arabic	
Just download	Arabic	
Just download	Arabic	
Just download	Arabic	
Just download	Arabic	
Just download	Arabic	
Just download	Arabic	
Just download	Arabic	
Just download	Arabic	
Just download	Arabic	
Just download	Arabic	
Just download	Arabic	
Just download	Arabic	
Just download	Arabic	
Just download	Arabic	
Just download	Arabic	
Just download	Arabic	
PDF.js	English	2012
Just download	Arabic	
Just download	Arabic	٢٠١٢
Just download	Arabic	٢٠١٢
PDF.js	English	2015
PDF.js	English	2015
PDF.js	English	2015
PDF.js	English	2015
PDF.js	English	2015
PDF.js	English	2015
PDF.js	English	2015
PDF.js	English	2015
PDF.js	English	2015
PDF.js	English	2015
PDF.js	English	2015
PDF.js	English	2015
PDF.js	English	2015
PDF.js	English	2015
PDF.js	English	2015
PDF.js	English	2015
PDF.js	English	2015
PDF.js	English	2015
PDF.js	English	2015
PDF.js	English	2015
PDF.js	English	2015
PDF.js	English	2015
PDF.js	English	2015
PDF.js	English	2015
PDF.js	English	2015
PDF.js	English	2015
PDF.js	English	2015
PDF.js	English	2015
PDF.js	English	2015
PDF.js	English	2015
PDF.js	English	2015
PDF.js	English	2015
PDF.js	English	2015
PDF.js	English	2015
PDF.js	English	2015
PDF.js	English	2015
PDF.js	English	2015
PDF.js	English	2015
PDF.js	English	2015
PDF.js	English	2015
PDF.js	English	2015
PDF.js	English	2015
PDF.js	English	2015
PDF.js	English	2015
PDF.js	English	2015
PDF.js	English	2015
PDF.js	English	2015
PDF.js	English	2015
Just download	Arabic	2016
PDF.js	English	2015
Just download	Arabic	2016
PDF.js	English	2015
PDF.js	English	2015
PDF.js	English	2015
Flow Video Player	Arabic	٢٠١٤
Just download	Arabic	٢٠١٤
Just download	Urdu	٢٠١٤
Flow Video Player	Arabic	٢٠١٤
Just download	Arabic	٢٠١٤
Just download	Arabic	٢٠١٤
PDF.js	English	2015
Just download	Arabic	٢٠١٤
Just download	Arabic	٢٠١٤
Just download	Arabic	٢٠١٤
Just download	Arabic	٢٠١٤
Just download	Arabic	٢٠١٤
Just download	Arabic	2014
Just download	Arabic	٢٠١٤
Just download	Arabic	٢٠١٤
Just download	Arabic	٢٠١٤
PDF.js	English	
Flow Video Player	Arabic	2014
Flow Video Player	Arabic	2014
Flow Video Player	Arabic	2014
Flow Video Player	Arabic	٢٠١٤
Flow Video Player	Arabic	2014
Flow Video Player	Arabic	٢٠١٤
Flow Video Player	Arabic	2014
BeLL Video Book Player	Arabic	2014
Flow Video Player	Arabic	2014
Flow Video Player	English	2014
Flow Video Player	Arabic	2014
Flow Video Player	Arabic	٢٠١٤
Flow Video Player	Arabic	٢٠١٤
Flow Video Player	Arabic	٢٠١٤
Flow Video Player	English	2014
Flow Video Player	Arabic	2014
Flow Video Player	Arabic	2014
Flow Video Player	Arabic	2014
Flow Video Player	Arabic	2014
Flow Video Player	Arabic	2014
Flow Video Player	Arabic	2014
Flow Video Player	Arabic	2014
PDF.js	English	
PDF.js	eng	
PDF.js	English	2008
PDF.js	English	
PDF.js	English	
PDF.js	English	
PDF.js	English	
Flow Video Player	eng	
Flow Video Player	eng	
Flow Video Player	eng	
Flow Video Player	eng	
Flow Video Player	eng	
MP3	spanish	
MP3	Spanish	
Flow Video Player	eng	
MP3	English	
MP3	English	
PDF.js	English	2004
Flow Video Player	English	
PDF.js	English	2013
PDF.js	English	
PDF.js	English	2004
Flow Video Player	English	
PDF.js	English	2008
PDF.js	English	
PDF.js	Somali	
PDF.js	English	
PDF.js	English	2013
PDF.js	Somali	
MP3	eng	1995
PDF.js	Eng	
PDF.js	Eng	
PDF.js	English	
PDF.js	English	2012
PDF.js	English	
PDF.js	English	2014
PDF.js	English	2012
PDF.js	English	
Flow Video Player	eng	
Flow Video Player	English	
Flow Video Player	Somali	
Flow Video Player	Somali	
Flow Video Player	English	
PDF.js	English	
PDF.js	English	
PDF.js	English	
PDF.js	English	
PDF.js	English	
Native Video		
MP3	eng	1976
Native Video	English	
Flow Video Player	English	
PDF.js	English	
PDF.js	English	
PDF.js	English	
PDF.js	English	
MP3	English	
MP3	English	
PDF.js	English	
PDF.js	English	
MP3	eng	1984
Flow Video Player	English	
Flow Video Player	English	
PDF.js	English	2010
PDF.js	English	2009
PDF.js	English	2009
PDF.js		2009
Flow Video Player	English	
PDF.js	eng	
PDF.js	eng	
PDF.js	eng	
PDF.js	eng	
PDF.js	eng	
PDF.js	eng	
PDF.js	eng	
PDF.js	eng	
PDF.js	eng	
MP3	English	
PDF.js	English	
MP3	English	
PDF.js	English	
PDF.js	English	
MP3	English	
PDF.js	English	
MP3	English	
PDF.js	English	2014
PDF.js	English	2014
PDF.js	English	2014
PDF.js	English	2015
PDF.js	English	2014
PDF.js	English	2014
PDF.js	English	2014
PDF.js	English	2014
PDF.js	English	2014
PDF.js	English	2014
PDF.js	English	2014
PDF.js	Swahili	2014
PDF.js	English	2014
PDF.js	English	2014
PDF.js	English	2014
PDF.js	English	
PDF.js	English	
PDF.js	English	
PDF.js	English	
PDF.js	English	
PDF.js	English	2003
PDF.js	English	
Native Video	English	
MP3	English	
PDF.js	fre	2013
PDF.js	Spanish	2013
PDF.js	French	
PDF.js	English	
PDF.js	English	
PDF.js	English	2012
PDF.js	English	
PDF.js	English	
PDF.js	English	
Flow Video Player	English	
PDF.js	English	
PDF.js	English	2005
PDF.js	English	1911
PDF.js	English	1911
PDF.js	English	
PDF.js	English	
PDF.js		
PDF.js	English	2004
PDF.js	English	2004
Native Video	English 	
PDF.js	eng	1911
PDF.js	English	1911
PDF.js	English	2007
PDF.js	English	
PDF.js	eng	2004
MP3	eng	
MP3	English	
MP3	English	
MP3	English	
PDF.js	English	
PDF.js	English	
PDF.js	English	
Flow Video Player	English	v
PDF.js	English	
Flow Video Player	English	
PDF.js	English	2015
PDF.js	English	2014
PDF.js	English	2014
PDF.js	English	
PDF.js	English	
PDF.js	English	
PDF.js	English	
PDF.js	English	1922
PDF.js	English	
PDF.js	English	
PDF.js	English	
PDF.js	English	
PDF.js	English	
PDF.js	English	
PDF.js	English	
PDF.js	English	
PDF.js	English	
PDF.js	English	
PDF.js	English	
Flow Video Player	English	2005
PDF.js	Spanish	1899
PDF.js	Spanish	1897
PDF.js	English	1917
PDF.js	Spanish	1943
PDF.js	Arabic	2012
PDF.js	Arabic	2011
PDF.js	Arabic	2014
PDF.js	English	2011
PDF.js	Arabic	2011
PDF.js	Arabic	2011
PDF.js	Arabic	2004
PDF.js	Arabic	2011
PDF.js	Arabic	2011
PDF.js	English	2011
PDF.js	Arabic	2011
PDF.js	Arabic	2004
PDF.js	Arabic	2011
PDF.js	Arabic	2009
PDF.js	Arabic	2011
PDF.js	Arabic	2011
PDF.js	Arabic	2011
PDF.js	Arabic	2011
PDF.js	Arabic	2011
PDF.js	Arabic	2011
PDF.js	Arabic	2011
PDF.js	Arabic	2011
PDF.js	Arabic	2011
PDF.js	Arabic	2011
PDF.js	Spanish	2015
PDF.js	English	
PDF.js	English	
PDF.js	English	
PDF.js	English	
PDF.js	English	2015
PDF.js	English	2014
PDF.js	English	1920
PDF.js	English	1920
PDF.js	English	1905
PDF.js	English	1864
PDF.js	English	1920
PDF.js	English	1922
PDF.js	English	
PDF.js	English	
PDF.js	English	
PDF.js	English	1953
PDF.js	English	
PDF.js	English	
PDF.js	English	
PDF.js	English	
PDF.js	English	
PDF.js	Arabic	2009
PDF.js	Arabic	
PDF.js	Arabic	
PDF.js	English	1954
PDF.js	English	1945
PDF.js	Arabic	2009
PDF.js	English	1962
PDF.js	English	1962
PDF.js	Arabic	2009
PDF.js	Arabic	2009
PDF.js	Arabic	2009
PDF.js	Arabic	2009
PDF.js	Arabic	2009
PDF.js	Arabic	2013
PDF.js	Arabic	2013
PDF.js	English	1963
PDF.js	English	1963
PDF.js	English	1963
PDF.js	English	1955
PDF.js	English	1958
PDF.js	English	1953
PDF.js	Arabic	2013
PDF.js	Arabic	2013
PDF.js	Arabic	2013
PDF.js	Arabic	2013
PDF.js	Arabic	2013
PDF.js	Arabic	2013
PDF.js	Arabic	2013
PDF.js	Arabic	2013
PDF.js	Arabic	2013
PDF.js	Arabic	2013
PDF.js	Arabic	2013
PDF.js	Arabic	1964
PDF.js	Arabic	1958
PDF.js	English	1958
PDF.js	Arabic	1958
PDF.js	English	1963
PDF.js	English	1953
PDF.js	English	1964
PDF.js	Arabic	
PDF.js	Arabic	
PDF.js	Arabic	1969
PDF.js	Arabic	1962
PDF.js	Arabic	1968
PDF.js	English	1967
PDF.js	Arabic	1966
PDF.js	Arabic	1966
PDF.js	Arabic	1960
PDF.js	Arabic	1960
PDF.js	Arabic	1965
PDF.js	Arabic	1960
PDF.js	English	
MP3	English	
PDF.js	English	
MP3	English	
PDF.js	English	
Flow Video Player	English	
PDF.js	English	
PDF.js	English	
PDF.js	English	
PDF.js	English	
PDF.js	Somali	
Just download	English	2014
PDF.js	English	
PDF.js	English	
PDF.js	English	
PDF.js	English	
PDF.js	English	
PDF.js	English	
PDF.js	English	
PDF.js	eng	2011
PDF.js	eng	
PDF.js	somali	
PDF.js	English	
PDF.js	English	
PDF.js	English	
PDF.js	English	
PDF.js	English	
PDF.js	English	1903
PDF.js	eng	
PDF.js	French	
PDF.js	English	2011
PDF.js	English	2002
PDF.js	English	2014
PDF.js	English	
PDF.js	English	2014
PDF.js	English	2015
PDF.js	English	2012
PDF.js	English	2003
PDF.js	English	
PDF.js	English	
PDF.js	English	
PDF.js	English	
PDF.js	English	
PDF.js	English	
Flow Video Player		
PDF.js	Eng	
PDF.js	eng	
PDF.js	eng	
PDF.js	English	2011
PDF.js	English	
PDF.js	English	
PDF.js	English	
PDF.js	English	2011
PDF.js	English	
PDF.js	English	
PDF.js	English	
Flow Video Player	eng	2014
Flow Video Player	eng	2014
Flow Video Player	eng	2014
PDF.js	English	2010
PDF.js	English	1911
PDF.js	eng	1911
PDF.js	eng	1911
PDF.js	English	1995
PDF.js	eng	2010
PDF.js		
PDF.js	English	
PDF.js	English	
PDF.js	English	
PDF.js	English	
PDF.js	English	2004
PDF.js	English	2004
PDF.js	English	
PDF.js	English	
PDF.js	English	
PDF.js	English	
PDF.js	English	
PDF.js	Somali	
PDF.js	English	
PDF.js	Arabic	2013
PDF.js	English	
PDF.js	English	
PDF.js	English	
PDF.js	English	
PDF.js	English	
PDF.js	Arabic	
PDF.js	English	
PDF.js	English	
PDF.js	English	
PDF.js	Somali	
PDF.js	English	
PDF.js	English	2008
PDF.js	Eng	1820
PDF.js	Somali	
PDF.js	Somali	
PDF.js		
Flow Video Player	eng	
Native Video	Somali and English	2013
Native Video	English and Somali	
Native Video	None	None
PDF.js	Arabic	2014
PDF.js	Arabic	1939
PDF.js	Arabic	2014
PDF.js	Arabic	2014
PDF.js	Urdu	2014
PDF.js	Arabic	1960
PDF.js	Arabic	2013
PDF.js	Arabic	2013
PDF.js	Arabic	2013
PDF.js	Arabic	2013
PDF.js	Arabic	2013
PDF.js	Arabic	2012
PDF.js	Arabic	2012
PDF.js	Arabic	2012
PDF.js	Arabic	2012
PDF.js	Arabic	2012
PDF.js	Arabic	2012
PDF.js	Arabic	2012
PDF.js	Arabic	2012
PDF.js	Arabic	2012
PDF.js	Arabic	
PDF.js	English	2002
PDF.js	eng	
PDF.js	English	2014
PDF.js	English	
PDF.js	English	
PDF.js	English	2012
PDF.js	English	
PDF.js	English	
PDF.js	English	
PDF.js	English	2014
Native Video	English	
PDF.js	English	March 2009
PDF.js	English	
PDF.js	English	
PDF.js	English	1998
PDF.js	English	
Flow Video Player	English	
Flow Video Player	English	
Flow Video Player	English	
Flow Video Player	English	
Just download	English	2016
PDF.js	العربية	2016
PDF.js	العربية	2016
PDF.js	English	2016
PDF.js	English	2016
PDF.js	English	2016
Flow Video Player	العربية	2012
Flow Video Player	العربية	2012
Flow Video Player	العربية	2012
Flow Video Player	العربية	2012
Flow Video Player	العربية	2012
Flow Video Player	العربية	2012
Flow Video Player	العربية	2012
PDF.js	English	
MP3	English	
PDF.js	English	
PDF.js	English	
PDF.js	English	
PDF.js	English	
PDF.js	English	2011
PDF.js	English	2014
PDF.js	eng	
PDF.js	English	2008
PDF.js	English	2008
PDF.js	English	2008
PDF.js	English	2003
PDF.js	English	
PDF.js	English	
PDF.js	English	
PDF.js	English	
Flow Video Player	Somali	
Flow Video Player	Somali	
PDF.js	English	
PDF.js	eng	2002
PDF.js	English	
PDF.js	English	2009
PDF.js	English	
PDF.js	English	
PDF.js	English	2006
Flow Video Player	English	2009
Flow Video Player	English	2009
PDF.js	English	
PDF.js	English	
PDF.js	English	
PDF.js	English	
PDF.js	English	
PDF.js	English	
Native Video	Somali / English	
PDF.js	Somali	
PDF.js	English	
PDF.js	English	
PDF.js	English	2014
PDF.js	English	2014
Just download	English	2014
PDF.js	English	
PDF.js	Somali	
PDF.js	English	
PDF.js	English	
PDF.js	English	
PDF.js	English	
PDF.js	English	
PDF.js	English	
PDF.js	English	2014
Flow Video Player	English	
Flow Video Player	Somali	
MP3	English	
MP3	English	
Native Video	eng	
Flow Video Player	eng	
PDF.js	English	
PDF.js	English	
PDF.js	English	
PDF.js	English	
PDF.js	English	
PDF.js	Arabic	
PDF.js	Arabic	
PDF.js	English	2013
PDF.js	eng	
PDF.js	eng	
PDF.js	eng	
PDF.js	eng	
PDF.js	eng	
Native Video	Somali	None
Native Video	English	None
PDF.js	English	
PDF.js	English	2012
PDF.js	English	2010
Native Video	Somali and English	2012
MP3	English	
MP3	English	
PDF.js	English	1905
PDF.js	English	2011
PDF.js	English	2005
PDF.js	English	
PDF.js	eng	
PDF.js	English	
PDF.js	English	2011
PDF.js	English	2011
PDF.js	English	1982
PDF.js	English	2013
PDF.js	eng	
PDF.js	English	2013
Flow Video Player	English	2013
PDF.js	English	2011
PDF.js	English	2011
PDF.js	eng	1954
PDF.js	English	2005
PDF.js	eng	
PDF.js	eng	
PDF.js	English	2007
PDF.js	English	1971
Flow Video Player	eng	
PDF.js	English	1909
PDF.js	eng	
Flow Video Player	English	2011
PDF.js	eng	
PDF.js	English	
PDF.js	eng	
PDF.js	English	2011
Flow Video Player	eng	
PDF.js	eng	
PDF.js	eng	
PDF.js	English	
PDF.js	English	2010
Native Video	English	
PDF.js	English	2011
PDF.js	English	2005
PDF.js	English	1895
PDF.js	eng	2012
MP3	English	
PDF.js	eng	
MP3	eng	1969
PDF.js	English	2013
PDF.js	eng	1932
PDF.js	English	2003
PDF.js	English	2009
Just download	[u'eng']	
PDF.js	English	
PDF.js	English	
PDF.js	English	2011
PDF.js	English	2011
PDF.js	English	2012
PDF.js	eng	2013
PDF.js	English	2011
PDF.js	eng	
Just download	[u'eng']	
PDF.js	English	2013
PDF.js	eng	1995
PDF.js	English	
PDF.js	eng	
PDF.js	eng	
PDF.js	English	2006
PDF.js	English	2012
PDF.js	English	2012
PDF.js	eng	
PDF.js	eng	
PDF.js	English	2006
Just download	[u'eng']	
PDF.js	English	2013
PDF.js	English	
PDF.js	English	2010
PDF.js	English	2006
PDF.js	eng	2009
PDF.js	eng	
PDF.js	eng	1913
PDF.js	English	1915
PDF.js	English	1915
PDF.js	English	
PDF.js	English	2002
PDF.js	eng	
PDF.js	English	
PDF.js	English	2004
Flow Video Player	eng	
PDF.js	eng	
PDF.js	English	2012
PDF.js	English	2012
PDF.js	eng	
PDF.js	English	
Just download	English	1911
Just download	English	1911
Just download	English	1911
Just download	English	1911
Just download	[u'eng']	[u'1911']
Just download	[u'eng']	[u'1911']
Just download	[u'eng']	[u'1911']
Just download	[u'eng']	[u'1911']
Just download	[u'eng']	[u'1911']
Just download	English	1911
Just download	[u'eng']	
PDF.js	eng	
PDF.js	eng	
PDF.js	eng	
PDF.js	English	
PDF.js	eng	
PDF.js	eng	
PDF.js	eng	2007
PDF.js	eng	1953
PDF.js	eng	
PDF.js	eng	
PDF.js	eng	
PDF.js	eng	
PDF.js	eng	
Just download	[u'eng']	
PDF.js	eng	
PDF.js	eng	2013
PDF.js	eng	
PDF.js	eng	
PDF.js	eng	
PDF.js	English	
MP3	eng	
MP3	eng	
PDF.js	eng	
PDF.js	English	2002
PDF.js	English	2013
PDF.js	eng	
PDF.js	eng	
PDF.js	eng	
PDF.js	eng	
Just download	eng	
PDF.js	eng	2008
PDF.js	eng	
PDF.js	Arabic	
PDF.js	eng	
PDF.js	eng	
PDF.js	English	1999
PDF.js	eng	
PDF.js	eng	
PDF.js	eng	
PDF.js	eng	
PDF.js	eng	
PDF.js	eng	2011
PDF.js	eng	2012
MP3	English	
PDF.js	eng	
PDF.js	eng	
PDF.js	eng	2007
PDF.js	eng	
PDF.js	french	1999
MP3	eng	
PDF.js	English	1635
PDF.js	eng	
PDF.js	eng	
Just download	[u'eng']	
PDF.js	eng	
PDF.js	eng	2007
PDF.js	eng	
PDF.js	eng	
PDF.js	eng	2005
PDF.js	eng	2012
PDF.js	eng	
PDF.js	eng	
PDF.js	eng	
PDF.js	eng	2010
PDF.js	eng	2010
Just download	[u'eng']	
PDF.js	eng	
PDF.js	eng	
PDF.js	eng	
PDF.js	eng	
PDF.js	eng	
Native Video	[u'eng']	[u'1936']
PDF.js	English	1960
PDF.js	eng	
PDF.js	som,English	
PDF.js	eng	
PDF.js	eng	
PDF.js	eng	
PDF.js	eng	
PDF.js	eng	
PDF.js	eng	
PDF.js	eng	2003
PDF.js	English	2011
PDF.js	eng	2013
Native Video	eng	
PDF.js	English	
PDF.js	eng	1812
PDF.js	eng	
PDF.js	English	
PDF.js	eng	
PDF.js	eng	
PDF.js	eng	
PDF.js	eng	
MP3	Spanish	
PDF.js	English	2012
PDF.js	fre	1989
PDF.js	eng	
Just download	[u'fre']	[u'1986']
PDF.js	eng	
PDF.js	english	
PDF.js	eng	
Just download	[u'fre']	[u'1988']
PDF.js	eng	
PDF.js	English	2003
PDF.js	eng	2004
PDF.js	eng	
PDF.js	eng	
PDF.js	eng	1999
PDF.js	eng	2013
MP3	English	
MP3	English	
PDF.js	eng	
PDF.js	eng	
PDF.js	eng	
PDF.js	eng	
PDF.js	eng	
PDF.js	eng	
PDF.js	eng	
PDF.js	Arabic	
PDF.js	eng	2012
PDF.js	English	
PDF.js	eng	
PDF.js	English, Spanish	
PDF.js	eng	
PDF.js	eng	2005
PDF.js	eng	2009
PDF.js	eng	2002
PDF.js	English	2013
PDF.js	eng	
PDF.js	English	
PDF.js	eng	
PDF.js	eng	
PDF.js	eng	
PDF.js	eng	
PDF.js	eng	2012
PDF.js	English	2010
PDF.js	eng	
PDF.js	eng	2005
PDF.js	eng	
PDF.js	eng	
PDF.js	eng	
Just download	[u'eng']	
PDF.js	eng	
PDF.js	eng	
PDF.js	eng	
PDF.js	eng	1995
PDF.js	eng	
PDF.js	eng	2010
PDF.js	eng	
PDF.js	eng	
Just download	[u'eng']	
PDF.js	eng	
PDF.js	som	
PDF.js	eng	
PDF.js	som	
PDF.js	eng	
PDF.js	eng	
PDF.js	eng	
PDF.js	eng	
PDF.js	eng	
PDF.js	eng	1883
PDF.js	English	1912
PDF.js	English	2012
PDF.js	eng	
PDF.js	eng	
PDF.js	English	2005
PDF.js	English	1905
PDF.js	English	
PDF.js	eng	
MP3	eng	
PDF.js	eng	
PDF.js	eng	
PDF.js	som	
PDF.js	eng	
PDF.js	English	
Just download	[u'som', u'English']	
PDF.js	eng	
PDF.js	eng	
PDF.js	eng	
PDF.js	eng	
PDF.js	eng	1960
PDF.js	eng	2012
PDF.js	eng	
PDF.js	eng	
PDF.js	eng	2012
Just download	[u'fre']	[u'1989']
PDF.js	eng	
PDF.js	eng	2013
MP3	eng	
PDF.js	eng	
PDF.js	fre	1759
PDF.js	eng	
Just download	[u'eng']	[u'1997']
PDF.js	eng	
PDF.js	eng	2012
Just download	[u'eng']	
PDF.js	eng	
PDF.js	eng	
PDF.js	som	
PDF.js	eng	
PDF.js	eng	2012
PDF.js	eng	2012
PDF.js	eng	2012
PDF.js	eng	
PDF.js	English	
PDF.js	eng	
PDF.js	eng	
PDF.js	English	
PDF.js	English	
PDF.js	eng	2009
None	javascript	None
Native Video	Somali	None
Flow Video Player	Somali	
PDF.js	Somali	
PDF.js	Somali	
PDF.js	English	
PDF.js	English	2010
PDF.js	English	
PDF.js	English	2014
PDF.js	English	2014
PDF.js	English	2015
PDF.js	English	2014
PDF.js	English	2014
PDF.js	English	2014
PDF.js	English	
PDF.js	English	2007
PDF.js	English	2014
PDF.js	Swahili	2014
PDF.js	English	
PDF.js	English	
Flow Video Player	English	
Flow Video Player	English	
Flow Video Player	English	
Flow Video Player	English	
Flow Video Player	English	
Flow Video Player	English	
Flow Video Player	English	
Flow Video Player	English	
Flow Video Player	English	
Flow Video Player	English	
Flow Video Player	English	
Flow Video Player	English	
Flow Video Player	English	
Flow Video Player	English	
Flow Video Player	English	
Flow Video Player	English	
Flow Video Player	English	
Flow Video Player	English	
Flow Video Player	English	
Flow Video Player	English	
Flow Video Player	English	
Flow Video Player	English	
Flow Video Player	English	
Flow Video Player	English	
Flow Video Player	English	
Flow Video Player	English	
Flow Video Player	English	
Flow Video Player	English	
Flow Video Player	English	
Flow Video Player	English	
Flow Video Player	English	
Just download	English	
Flow Video Player	English	
Flow Video Player	English	
Flow Video Player	English	
Flow Video Player	English	
Flow Video Player	English	
Flow Video Player	English	
Flow Video Player	English	
Flow Video Player	English	
Flow Video Player	English	
Flow Video Player	English	
Flow Video Player	English	
Flow Video Player	English	
Flow Video Player	English	
Flow Video Player	English	
Flow Video Player	English	
Flow Video Player	English	
Flow Video Player	English	
Flow Video Player	English	
Flow Video Player	English	
Flow Video Player	English	
Flow Video Player	English	
Flow Video Player	English	
Flow Video Player	English	
Flow Video Player	English	
Flow Video Player	English	
Flow Video Player	English	
Flow Video Player	English	
Flow Video Player	English	
Flow Video Player	English	
Flow Video Player	English	
Flow Video Player	English	
Flow Video Player	English	
Flow Video Player	English	
Flow Video Player	English	
Flow Video Player	English	
Flow Video Player	English	
Flow Video Player	English	
Flow Video Player	English	
Flow Video Player	English	
Flow Video Player	English	
Flow Video Player	English	
Flow Video Player	English	
Flow Video Player	English	
Flow Video Player	English	
Flow Video Player	English	
Flow Video Player	English	
Flow Video Player	English	
Flow Video Player	English	
Flow Video Player	English	
Flow Video Player	English	
Flow Video Player	English	
Flow Video Player	English	
Flow Video Player	English	
Flow Video Player	English	
Flow Video Player	English	
Flow Video Player	English	
Flow Video Player	English	
Flow Video Player	English	
Flow Video Player	English	
Flow Video Player	English	
Flow Video Player	English	
Flow Video Player	English	
Flow Video Player	English	
Flow Video Player	English	
Flow Video Player	English	
Flow Video Player	English	
Flow Video Player	English	
Flow Video Player	English	
Flow Video Player	English	
Just download	English	
Flow Video Player	English	
Flow Video Player	English	
Flow Video Player	English	
Flow Video Player	English	
Flow Video Player	English	
Flow Video Player	English	
Flow Video Player	English	
Flow Video Player	English	
Flow Video Player	English	
Flow Video Player	English	
Flow Video Player	English	
Flow Video Player	English	
Flow Video Player	English	
Flow Video Player	English	
Flow Video Player	English	
Flow Video Player	English	
Flow Video Player	English	
Flow Video Player	English	
Flow Video Player	English	
Flow Video Player	English	
Flow Video Player	English	
Flow Video Player	English	
Flow Video Player	English	
Flow Video Player	English	
Flow Video Player	English	
Flow Video Player	English	
Flow Video Player	English	
Flow Video Player	English	
Flow Video Player	English	
Flow Video Player	English	
Flow Video Player	English	
Flow Video Player	English	
Flow Video Player	English	
Flow Video Player	English	
Flow Video Player	English	
Flow Video Player	English	
Flow Video Player	English	
Flow Video Player	English	
Flow Video Player	English	
Flow Video Player	English	
Flow Video Player	English	
Flow Video Player	English	
Flow Video Player	English	
Flow Video Player	English	
Flow Video Player	English	
Flow Video Player	English	
Flow Video Player	English	
Flow Video Player	English	
Flow Video Player	English	
Flow Video Player	English	
Flow Video Player	English	
Flow Video Player	English	
Flow Video Player	English	
Flow Video Player	English	
Flow Video Player	English	
Flow Video Player	English	
Flow Video Player	English	
Flow Video Player	English	
Flow Video Player	English	
Flow Video Player	English	
Flow Video Player	English	
Flow Video Player	English	
Flow Video Player	English	
Flow Video Player	English	
Flow Video Player	English	
Flow Video Player	English	
Flow Video Player	English	
Flow Video Player	English	
Flow Video Player	English	
Flow Video Player	English	
Flow Video Player	English	
Flow Video Player	English	
Flow Video Player	English	
Flow Video Player	English	
Flow Video Player	English	
Flow Video Player	English	
Flow Video Player	English	
Flow Video Player	English	
Flow Video Player	English	
Flow Video Player	English	
Flow Video Player	English	
Flow Video Player	English	
Flow Video Player	English	
Flow Video Player	English	
Flow Video Player	English	
Flow Video Player	English	
Flow Video Player	English	
Flow Video Player	English	
Flow Video Player	English	
Flow Video Player	English	
Flow Video Player	English	
Flow Video Player	English	
Flow Video Player	English	
Flow Video Player	English	
Flow Video Player	English	
Flow Video Player	English	
Flow Video Player	English	
Flow Video Player	English	
Flow Video Player	English	
Flow Video Player	English	
Flow Video Player	English	
Flow Video Player	English	
Flow Video Player	English	
Flow Video Player	English	
Flow Video Player	English	
Flow Video Player	English	
Flow Video Player	English	
Flow Video Player	English	
Flow Video Player	English	
Flow Video Player	English	
Flow Video Player	English	
Flow Video Player	English	
Flow Video Player	English	
Flow Video Player	English	
Flow Video Player	English	
Flow Video Player	English	
Flow Video Player	English	
Flow Video Player	English	
Flow Video Player	English	
MP3	English	
Flow Video Player	English	
Flow Video Player	English	
Flow Video Player	English	
Flow Video Player	English	
Flow Video Player	English	
Flow Video Player	English	
PDF.js	English	
PDF.js	English	
PDF.js	English	
PDF.js	English	
Flow Video Player	English	
Flow Video Player	English	
Flow Video Player	English	
Flow Video Player	English	
Flow Video Player	English	
Flow Video Player	English	
Flow Video Player	English	
Flow Video Player	English	
Flow Video Player	English	
Flow Video Player	English	
Flow Video Player	English	
Flow Video Player	English	
Flow Video Player	English	
Flow Video Player	English	
Flow Video Player	English	
Flow Video Player	English	
Flow Video Player	English	
Flow Video Player	English	
Flow Video Player	English	
Flow Video Player	English	
Flow Video Player	English	
Flow Video Player	English	
Flow Video Player	English	
Flow Video Player	English	
Flow Video Player	English	
Flow Video Player	English	
Flow Video Player	English	
Flow Video Player	English	
Flow Video Player	English	
Flow Video Player	English	
Flow Video Player	English	
Flow Video Player	English	
Flow Video Player	English	
Flow Video Player	English	
Flow Video Player	English	
Flow Video Player	English	
Flow Video Player	English	
Flow Video Player	English	
Flow Video Player	English	
Flow Video Player	English	
Flow Video Player	English	
Flow Video Player	English	
Flow Video Player	English	
Flow Video Player	English	
Flow Video Player	English	
Flow Video Player	English	
Flow Video Player	English	
Flow Video Player	English	
Flow Video Player	English	
Flow Video Player	English	
Flow Video Player	English	
Flow Video Player	English	
Flow Video Player	English	
Flow Video Player	English	
Flow Video Player	English	
Flow Video Player	English	
Flow Video Player	English	
Flow Video Player	English	
Flow Video Player	English	
Flow Video Player	English	
Flow Video Player	English	
Flow Video Player	English	
Flow Video Player	English	
Flow Video Player	English	
Flow Video Player	English	
Flow Video Player	English	
Flow Video Player	English	
Flow Video Player	English	
Flow Video Player	English	
Flow Video Player	English	
Flow Video Player	English	
Flow Video Player	English	
Flow Video Player	English	
Flow Video Player	English	
Flow Video Player	English	
Flow Video Player	English	
Flow Video Player	English	
Flow Video Player	English	
Flow Video Player	English	
Flow Video Player	English	
Flow Video Player	English	
Flow Video Player	English	
Flow Video Player	English	
Flow Video Player	English	
Flow Video Player	English	
Flow Video Player	English	
PDF.js	English	2009
PDF.js	English	2007
PDF.js	English	2004
PDF.js	English	2000
PDF.js	English	
PDF.js	English	2012
PDF.js	English	2012
Flow Video Player	English	
Flow Video Player	English	
Flow Video Player	English	
Flow Video Player	English	
Flow Video Player	English	
Flow Video Player	English	
Flow Video Player	English	
Flow Video Player	English	
Flow Video Player	English	
Flow Video Player	English	
Flow Video Player	English	
Flow Video Player	English	
Flow Video Player	English	
Flow Video Player	English	
Flow Video Player	English	
Flow Video Player	English	
Flow Video Player	English	
Flow Video Player	English	
Flow Video Player	English	
Flow Video Player	English	
Flow Video Player	English	
Flow Video Player	English	
Flow Video Player	English	
PDF.js	English	2010
PDF.js	English	1998
PDF.js	English	2010
PDF.js	English	2007
PDF.js	English	2008
PDF.js	English	2011
PDF.js	English	2011
PDF.js	English	2010
PDF.js	English	2011
PDF.js	English	2012
PDF.js	English	1989
PDF.js	English	2004
PDF.js	English	
PDF.js	English	
PDF.js	English	
PDF.js	English	
PDF.js	English	2001
PDF.js	English	
PDF.js	English	
PDF.js	English	
PDF.js	English	
PDF.js	English	
PDF.js	English	
PDF.js	English	
PDF.js	English	
PDF.js	English	
PDF.js	English	
PDF.js	English	
PDF.js	English	
PDF.js	English	
PDF.js	English	
PDF.js	English	
PDF.js	English	
PDF.js	English	
PDF.js	English	
PDF.js	English	
PDF.js	English	
PDF.js	English	
PDF.js	English	
PDF.js	English	
PDF.js	English	
PDF.js	English	
PDF.js	English	
PDF.js	English	
PDF.js	English	
PDF.js	English	
PDF.js	English	
PDF.js	English	
PDF.js	English	
PDF.js	English	
PDF.js	English	
PDF.js	English	
PDF.js	English	
PDF.js	English	
PDF.js	English	
PDF.js	English	
PDF.js	English	
PDF.js	English	
PDF.js	English	
PDF.js	English	
PDF.js	English	
PDF.js	English	
PDF.js	English	
PDF.js	English	
PDF.js	English	
PDF.js	English	
PDF.js	English	
PDF.js	English	
PDF.js	English	
PDF.js	English	1961
PDF.js	English	
PDF.js	English	
PDF.js	English	
PDF.js	English	
PDF.js	English	
PDF.js	English	
PDF.js	English	
PDF.js	English	
PDF.js	English	
MP3	English	
PDF.js	eng	1911
Flow Video Player	Somali	
Flow Video Player	English	
Flow Video Player	English	
Flow Video Player	English	
PDF.js	English	
PDF.js	eng 	
MP3	English	
Native Video	English	2010
PDF.js	English	
MP3	Eng	
MP3	eng	
MP3	eng	
MP3	eng	
MP3	eng	
MP3	eng	
MP3	eng	
MP3	eng	
Flow Video Player	eng	
PDF.js	English	2009
PDF.js	eng	
PDF.js	English	
PDF.js	English	
PDF.js	English	
PDF.js	English	
PDF.js	English	
PDF.js	English	
Flow Video Player	eng	2014
Flow Video Player	eng	2014
PDF.js	English	
PDF.js	English	
PDF.js	English	
PDF.js	English	
PDF.js	eng	
PDF.js	eng	
PDF.js	English	
MP3	English	
PDF.js	English	
PDF.js	English	2011
PDF.js	English	
PDF.js	English	
MP3	English	
PDF.js	English	
PDF.js	English	
PDF.js	English	2014
PDF.js	English and Somali	2014
PDF.js	English	2009
PDF.js	English	2004
PDF.js	Somali 	
PDF.js	English	
PDF.js	English	
PDF.js	English	
PDF.js	eng	1820
Just download	None	None
PDF.js	English	
Flow Video Player	English	
PDF.js	English	
PDF.js	English	
MP3	English	
PDF.js	English	
MP3	English	
PDF.js	eng	2009
PDF.js	English	
PDF.js	English	
PDF.js	English	
PDF.js	eng	2009
PDF.js	English	
PDF.js	English	
MP3	English	
PDF.js	English	
MP3	English	
PDF.js	English	
MP3	English	
PDF.js	eng	
PDF.js	English	
PDF.js	Eng	
PDF.js	Eng	
PDF.js	Eng	
MP3	English	
PDF.js	English	
PDF.js	English	
Flow Video Player	English	
Flow Video Player	eng	
PDF.js	English	
Flow Video Player	English	
PDF.js	English	
PDF.js	English	
PDF.js	English	
PDF.js	English	
PDF.js	English	
PDF.js	English	
PDF.js	English	
PDF.js	English	
PDF.js	English	
PDF.js	English	
PDF.js	English	
PDF.js	English	
PDF.js	English	2014
PDF.js	English	2007
PDF.js	English	
PDF.js	English	2014
PDF.js	English	2013
PDF.js	English	2014
PDF.js	English	2014
PDF.js	English	2015
PDF.js	English	2014
PDF.js	English	2004
PDF.js	English	2004
PDF.js	English	2004
PDF.js	English	2004
PDF.js	English	2004
PDF.js	English	2004
PDF.js	English	2004
PDF.js	English	
PDF.js	English	
Native Video	English	
Native Video	eng	
PDF.js	English	
Native Video	eng	
PDF.js	English	
Native Video	English	
PDF.js	English	1911
PDF.js		1998
PDF.js	English	2004
PDF.js	English	2004
PDF.js	English	2010
MP3	English	
MP3	English	
PDF.js	English	
PDF.js	English	
PDF.js	English	2014
PDF.js	English	
PDF.js	English	2012
PDF.js	eng	2014
PDF.js	English	2011
PDF.js	eng	
PDF.js	eng	
PDF.js	English	2012
PDF.js	English	2012
Native Video	Somali	None
PDF.js	English	
PDF.js	English	2012
PDF.js	English	
PDF.js	eng	
PDF.js	English	
PDF.js	English	
PDF.js	English	2014
PDF.js	English	2014
PDF.js	English	2015
PDF.js	English	2014
PDF.js	Somali	
Flow Video Player	English	2012
PDF.js	English	2009
PDF.js	English	2013
PDF.js	English	
MP3	eng	1976
PDF.js	English	None
Native Video	English	
PDF.js	English	
PDF.js	English	
Native Video	English	
PDF.js	English	2014
PDF.js	English	2009
PDF.js	English	2010
PDF.js	English	2012
PDF.js	English	
PDF.js	English	
PDF.js	English	
PDF.js	English	
PDF.js	English	
PDF.js	English	
PDF.js	English	
PDF.js	English	
PDF.js	Arabic	2013
PDF.js	Arabic	2013
PDF.js	English	
PDF.js	French	
PDF.js	English	
PDF.js	English	
PDF.js	English	
PDF.js	English	
PDF.js	English	
Flow Video Player	eng	
Flow Video Player	eng	
Flow Video Player	eng	
PDF.js	English	
PDF.js	English	
PDF.js	English	
PDF.js	English	
Flow Video Player	English	2012
Flow Video Player	English	
PDF.js	eng	1911
PDF.js	eng	1911
PDF.js	eng	1911
PDF.js	eng	
PDF.js	Arabic	
None	None	
None	None	
None	None	
None	None	
None	None	
None	None	
None	None	
None	None	
PDF.js	English	
PDF.js	English	
PDF.js	eng	
PDF.js	English	2002
PDF.js		
PDF.js	English	2004
PDF.js	English	2004
PDF.js	English	2004
PDF.js		2002
PDF.js	English	
PDF.js		
PDF.js	English	
PDF.js	English	2014
PDF.js	English	2014
PDF.js	English	2014
PDF.js	English	2012
PDF.js	English	2014
PDF.js	English	2015
PDF.js	English	2013
PDF.js	English	1998
PDF.js	English	
PDF.js	English	
Flow Video Player	Arabic	2013
Flow Video Player	Arabic	2013
Flow Video Player	Arabic	2013
Flow Video Player	Arabic	2010
Flow Video Player	Arabic	2013
Flow Video Player	Arabic	2013
PDF.js	Arabic	2011
PDF.js	English	2010
PDF.js	English	2011
PDF.js	English	
MP3	eng	
MP3	eng	
MP3	eng	
MP3	eng	
MP3	eng	
MP3	eng	
MP3	eng	
PDF.js	English	2009
PDF.js	English	2010
PDF.js	English	None
MP3	eng	
MP3	English	
MP3	English	
MP3	English	
MP3	English	
MP3	English	
PDF.js	French	
PDF.js	English	
Flow Video Player	Somali	
Flow Video Player	English	
MP3	English	
MP3	English	
MP3	English	
MP3	English	
PDF.js	English	1998
PDF.js	English	
PDF.js	English	
PDF.js	English	2007
PDF.js	English	
PDF.js	English	
PDF.js	English	
PDF.js	English	
PDF.js	English	
PDF.js	English	
PDF.js	English	
PDF.js	English	
PDF.js	English	
PDF.js	English	
PDF.js	English	
PDF.js	English	
PDF.js	English	
PDF.js	English	
PDF.js	English	
PDF.js	English	
PDF.js	English	
PDF.js	English	
PDF.js	English	
PDF.js	English	
PDF.js	English	
PDF.js	English	
PDF.js	English	
PDF.js	English	
PDF.js	English	
PDF.js	English	
PDF.js	English	
PDF.js	English	
PDF.js	English	
PDF.js	English	
PDF.js	English	
PDF.js	English	
PDF.js		
PDF.js		2013
PDF.js	English	1985
PDF.js	English	2009
PDF.js	eng	2002
PDF.js	English	
Native Video	English	
PDF.js	English	1994
PDF.js	English	
PDF.js	English	2004
PDF.js	French	2011
PDF.js	English	
PDF.js	English	
PDF.js	eng	
PDF.js	English	2014
PDF.js	English	2014
PDF.js	English	2013
PDF.js	English	
PDF.js	English	2015
PDF.js	English	
PDF.js	English	2014
PDF.js	English	2014
PDF.js	English	2014
PDF.js	English	2014
PDF.js	English	2014
PDF.js	English and Somali	2014
PDF.js	English	1856
PDF.js	Arabic	
PDF.js	Somali	
PDF.js	English	
PDF.js	English	
PDF.js	eng	
Flow Video Player	English	
Flow Video Player	English	
PDF.js	English	
PDF.js	English	
MP3	eng	
MP3	English	
MP3	English	
MP3	English	
MP3	English	
MP3	English	
MP3	English	
MP3	English	
MP3	English	
Just download	English	
MP3	English	
MP3	English	
MP3	eng	
PDF.js	eng	
PDF.js	eng	
PDF.js	eng	
PDF.js	eng	
PDF.js	eng	
PDF.js	English	1998
PDF.js	English	2007
PDF.js	English	
PDF.js	English	1998
PDF.js	English	1998
PDF.js	English	
PDF.js	English	1998
PDF.js	English	1998
PDF.js	English	1998
PDF.js	English	None
PDF.js	English	None
PDF.js	English	None
PDF.js	English	None
PDF.js	English	
PDF.js	Somali	None
PDF.js	English	
MP3	English	
MP3	English	
PDF.js	English	1985
PDF.js	English	
PDF.js	English	
PDF.js	English	
PDF.js	English	2014
PDF.js	English	2014
PDF.js	English	2014
PDF.js	English	2014
PDF.js	English	2014
PDF.js	English	2014
PDF.js	English	2014
PDF.js	English	2014
PDF.js	English	2009
PDF.js	English	2010
MP3	English	
PDF.js	English	2010
MP3	English	
MP3	English	
PDF.js	English	2010
PDF.js	English	2010
MP3	English	
MP3	English	
MP3	English	
MP3	English	
MP3	English	
MP3	English	
MP3	English	
PDF.js	eng	
PDF.js	English & Swahili	2009
PDF.js	English	
PDF.js	English	
Flow Video Player	eng	
Flow Video Player	eng, som	
PDF.js	eng	2014
MP3	eng	1995
MP3	English	
MP3	English	
MP3	English	
MP3	English	
PDF.js	English	2014
PDF.js	English	
PDF.js	English	2014
PDF.js	English	
Flow Video Player	eng	
PDF.js	English	1880
PDF.js	Spanish, English	
PDF.js	English	2015
Native Video	English	
PDF.js	English	2002
PDF.js	eng	2011
PDF.js	eng	
PDF.js	English	
PDF.js	English	
PDF.js	English	2012
PDF.js	English	
PDF.js	English	
PDF.js	English	
PDF.js	Arabic	2012
PDF.js	Arabic	2012
PDF.js	Arabic	2012
PDF.js	Arabic	2012
PDF.js	Arabic	2012
PDF.js	Arabic	2012
PDF.js	Arabic	2012
PDF.js	Arabic	2012
PDF.js	Arabic	2012
PDF.js	Arabic	2012
PDF.js	Arabic	2012
PDF.js	Arabic	2012
PDF.js	Arabic	2012
PDF.js	Arabic	2012
PDF.js	Arabic	2012
PDF.js	Arabic	2012
PDF.js	Arabic	2012
PDF.js	Arabic	2012
PDF.js	Arabic	2012
PDF.js	Arabic	2012
PDF.js	Arabic	2012
PDF.js	Arabic	2012
PDF.js	Arabic	2012
PDF.js	Arabic	2012
PDF.js	العربية	2012
PDF.js	Arabic	2012
PDF.js	Arabic	2012
PDF.js	Arabic	2012
PDF.js	Arabic	2012
PDF.js	Arabic	2012
PDF.js	Arabic	2012
PDF.js	Arabic	2012
PDF.js	Arabic	2012
PDF.js	Arabic	2012
PDF.js	Arabic	2012
PDF.js	Arabic	2012
PDF.js	Arabic	2012
PDF.js	Arabic	2012
PDF.js	Arabic	2012
PDF.js	Arabic	2012
PDF.js	Arabic	2012
PDF.js	Arabic	2012
PDF.js	Arabic	2012
PDF.js	Arabic	2012
PDF.js	Arabic	2012
PDF.js	Arabic	2012
PDF.js	Arabic	2012
PDF.js	Arabic	2012
PDF.js	Arabic	2012
PDF.js	Arabic	2012
PDF.js	Arabic	2012
PDF.js	Arabic	2012
PDF.js	Arabic	2012
PDF.js	Arabic	2012
PDF.js	Arabic	2012
PDF.js	Arabic	2012
PDF.js	Arabic	2012
PDF.js	Arabic	2012
PDF.js	Arabic	2012
PDF.js	Arabic	2012
PDF.js	Arabic	2012
PDF.js	Arabic	2012
PDF.js	Arabic	2012
PDF.js	Arabic	2012
PDF.js	Arabic	2012
PDF.js	Arabic	2012
PDF.js	Arabic	2012
PDF.js	Arabic	2012
PDF.js	Arabic	2012
PDF.js	Arabic	2012
PDF.js	Arabic	2012
PDF.js	Arabic	2012
PDF.js	Arabic	2012
PDF.js	Arabic	2012
PDF.js	Arabic	2012
PDF.js	Arabic	2012
PDF.js	Arabic	2012
PDF.js	Arabic	2012
PDF.js	Arabic	2012
PDF.js	Arabic	2012
PDF.js	Arabic	2012
PDF.js	Arabic	2012
PDF.js	Arabic	2012
PDF.js	Arabic	2012
PDF.js	Arabic	2012
PDF.js	Arabic	2012
PDF.js	Arabic	2012
PDF.js	Arabic	2012
PDF.js	Arabic	2012
PDF.js	Arabic	2012
PDF.js	Arabic	1998
PDF.js	Arabic	2010
PDF.js	Arabic	2010
PDF.js	Arabic	2015
PDF.js	Arabic	2015
PDF.js	Arabic	2015
PDF.js	English	2015
PDF.js	eng	
PDF.js	eng	
PDF.js	eng	
PDF.js	eng	
PDF.js	eng	
Flow Video Player	English	
PDF.js	English	
PDF.js	English	
PDF.js	English	
PDF.js	English	
PDF.js	English	
PDF.js	English	
PDF.js	English	
PDF.js	English	
PDF.js	English	
PDF.js	English	
PDF.js	English	
PDF.js	English	
PDF.js	English	
PDF.js	English	
PDF.js	English	
PDF.js	English	
PDF.js	English	
PDF.js	English	
PDF.js	English	
PDF.js	English	
PDF.js	English	
PDF.js	English	
PDF.js	English	
PDF.js	English	
PDF.js	English	
PDF.js	English	
PDF.js	English	
PDF.js	English	
PDF.js	English	
PDF.js	English	
PDF.js	English	
PDF.js	English	
PDF.js	English	2005
Flow Video Player	English	
MP3	eng	1984
PDF.js	English	
PDF.js	English	1998
PDF.js	English	
PDF.js	English	2009
PDF.js	English	
PDF.js	English	
PDF.js	English	
PDF.js	English	
PDF.js	English	
PDF.js	English	
PDF.js	English	
PDF.js	English	
PDF.js	English	
PDF.js	English	
PDF.js	English	
PDF.js	English	
PDF.js	English	
PDF.js	English	
Flow Video Player	English	
Flow Video Player	English	
Flow Video Player	English	
Flow Video Player	eng	
Flow Video Player	English	
Flow Video Player	English	
Flow Video Player	eng	
Flow Video Player	Somali	
PDF.js	English	
PDF.js	English	
PDF.js	English	
PDF.js	English	
PDF.js	English	
PDF.js	English	
PDF.js	English	
PDF.js	English	
PDF.js	English	
PDF.js	English	
PDF.js	English	
PDF.js	English	
PDF.js	English	
PDF.js	English	
PDF.js	English	
PDF.js	English	
PDF.js	English	
PDF.js	English	
PDF.js	English	
PDF.js	English	2004
PDF.js	English	2004
PDF.js	English	
PDF.js	English	
PDF.js	English	
Flow Video Player	English	
PDF.js	English	2005
PDF.js	English	2012
PDF.js	English	
Flow Video Player	Somali	
Flow Video Player	English	
Flow Video Player	Somali	
Flow Video Player	English	
PDF.js	som	
PDF.js	None	None
PDF.js	Somali	
PDF.js	Somali	
PDF.js	eng	
PDF.js	Somali	
PDF.js	Somali	
PDF.js	English	
PDF.js	eng	
PDF.js	eng	
PDF.js	eng	
PDF.js	eng	
PDF.js	eng	
PDF.js	eng	
PDF.js	eng	
Flow Video Player	eng	2011
Flow Video Player	eng	
Flow Video Player	swa	
PDF.js	English	
PDF.js	English	
PDF.js	English	
Native Video	English	
PDF.js	eng	
PDF.js	eng	1532
PDF.js	eng	
PDF.js	eng	
PDF.js	eng	
PDF.js	eng	
MP3	English	
MP3	English	
MP3	English	
PDF.js	English	2002
PDF.js	English	
Flow Video Player	eng	2014
Native Video	English	2011
Flow Video Player	eng	2011
PDF.js	eng	
PDF.js	eng	
MP3	eng	
PDF.js	English	2014
PDF.js	English	2014
Flow Video Player	swa	
PDF.js	English	
PDF.js	English	2012
PDF.js	English	2012
PDF.js	English	2012
PDF.js	English	
PDF.js	English	
PDF.js	English	
PDF.js	English	
PDF.js	English	1998
PDF.js	English	1998
PDF.js	English	1998
PDF.js	English	1998
PDF.js	English	1998
Native Video	Somali	2012
PDF.js	English	
PDF.js	English	
PDF.js	Eng	
PDF.js	eng	
PDF.js	eng	
PDF.js	eng	
PDF.js	eng	
PDF.js	eng	
PDF.js	eng	
PDF.js	eng	
PDF.js	eng	
PDF.js	eng	
PDF.js	English	2003
PDF.js	eng	
PDF.js	eng	
PDF.js	English	
PDF.js	English	
PDF.js	English	
PDF.js	English	
PDF.js	English	
PDF.js	English	
PDF.js	eng	
Flow Video Player	English	
PDF.js	English	2004
PDF.js	eng	
PDF.js	eng	
PDF.js	English	
PDF.js	eng	1911
PDF.js	eng	
PDF.js	English	
MP3	English	
PDF.js	None	None
PDF.js	English	2008
PDF.js	English	2009
PDF.js	English	2004
PDF.js	English	2006
PDF.js	English	
PDF.js	English	
PDF.js	English	
MP3	English	
PDF.js	English	
PDF.js	English	
PDF.js	English	
PDF.js	English	
PDF.js	English	
PDF.js	English	2011
PDF.js	eng	
PDF.js	eng	
PDF.js	eng	
PDF.js	English	
PDF.js	eng	
PDF.js	English	
PDF.js	English	
PDF.js	English	
PDF.js	English	
PDF.js	English	
PDF.js	eng, all	
PDF.js	English	
PDF.js	English	
PDF.js	eng	
PDF.js	English	
PDF.js	English	
MP3	English	
MP3	English	
PDF.js	English	
MP3	English	
MP3	English	
PDF.js	English	
PDF.js	English	
PDF.js		
PDF.js	English	
PDF.js	English	2014
PDF.js	English	2002
PDF.js		2011
Flow Video Player	English	
Flow Video Player	English	
Flow Video Player	eng	
PDF.js	English	
PDF.js		
PDF.js	English	
PDF.js		
PDF.js	English	2011
PDF.js	English	2002
PDF.js	English	1998
PDF.js	English	2012
PDF.js	eng	1215
PDF.js	eng	
PDF.js	English	2010
PDF.js	English	2009
PDF.js	English	
PDF.js	English	
PDF.js	eng	
PDF.js	English	
PDF.js	English	
PDF.js	English	
PDF.js	All	
PDF.js	English	2011
PDF.js	English	
PDF.js	English	
PDF.js	English	
PDF.js	English	2009
PDF.js	English	
Flow Video Player	English	
PDF.js	eng	
PDF.js	eng	
PDF.js	English	
PDF.js	English	
PDF.js	eng	
PDF.js	English	
PDF.js	English	2008
PDF.js	English	2008
PDF.js	Eng	
PDF.js	English	2008
PDF.js	eng	
PDF.js	English	2008
PDF.js	English	2008
PDF.js	eng	
PDF.js	English	2008
PDF.js	English	2008
PDF.js	English	2008
PDF.js	English	2011
MP3	eng	1976
MP3	eng	1976
MP3	eng	1976
Flow Video Player	eng	
PDF.js	English	
Native Video	English	
Native Video	English	
Native Video	English	
Native Video	English	
PDF.js	English	2012
PDF.js	English	2012
PDF.js	eng	
PDF.js	English	2012
PDF.js	English	2012
PDF.js	English	2012
PDF.js	English	2012
PDF.js	English	2012
PDF.js	English	1996
PDF.js	English	2002
PDF.js	English	
PDF.js	English	2002
PDF.js	English	2005
Native Video	English	
Native Video	English	
Native Video	English	
Native Video	English	
PDF.js	English	
PDF.js	English	
PDF.js	English	
PDF.js	English	
PDF.js	English	
PDF.js	English	
PDF.js	English	
PDF.js	English	
PDF.js	eng	
Native Video	English	
PDF.js	eng	
MP3	Spanish	
MP3	Spanish	
Just download	None	None
PDF.js	English	2004
PDF.js	English	2004
PDF.js	English	2004
PDF.js	English	2004
PDF.js		
PDF.js		
PDF.js	English	
PDF.js		
PDF.js		
PDF.js	English	
PDF.js		
PDF.js	English	
PDF.js	English	
PDF.js	English	
PDF.js	English	
PDF.js	English	
PDF.js	English	
PDF.js	English	
PDF.js	English	
PDF.js	English	
PDF.js	English	2012
PDF.js	English	2012
PDF.js	English	2012
PDF.js	English	1998
PDF.js	English	
Flow Video Player	English	
Flow Video Player	English	
PDF.js	eng	
Native Video	eng	2009
PDF.js	English	
PDF.js	English	
PDF.js	English	2015
PDF.js	English	2014
PDF.js	English	2014
PDF.js	English	2014
PDF.js	English	2014
PDF.js	English	2014
PDF.js	English	2014
PDF.js	English	2014
PDF.js	English	2014
PDF.js	English	2014
PDF.js	Swahili	2015
PDF.js	Swahili	2014
PDF.js	English	2014
Flow Video Player	eng	
PDF.js	English 	
Flow Video Player	English	
Flow Video Player	English	
Flow Video Player	English	
PDF.js	English	
PDF.js	English	
Flow Video Player	English	
PDF.js	English	
PDF.js	English	
PDF.js	English	
PDF.js	English	
PDF.js	English	
PDF.js	eng	
PDF.js	English	2008
PDF.js	eng	
PDF.js	English	2008
PDF.js	English	2007
PDF.js	English	2008
PDF.js	English	2011
PDF.js	English	
MP3	English	
MP3	English	
PDF.js	English	
PDF.js	English	
PDF.js	English	2002
PDF.js	English	2002
PDF.js	English	
PDF.js	English	
PDF.js	English	2014
PDF.js	English	2014
PDF.js	English	2014
PDF.js	English	2015
PDF.js	English	2014
PDF.js	English	2014
PDF.js	English	2014
PDF.js	English	2014
PDF.js	English	2014
PDF.js	English	2014
PDF.js	English	2004
PDF.js	English	2011
PDF.js	English	2010
PDF.js	English	2007
PDF.js	English	2008
Native Video	English	
Native Video	English	
Native Video	English	
Native Video	English	
Native Video	English	
Native Video	English	
PDF.js	English	
Flow Video Player	eng, swa	2014
Flow Video Player	eng	2014
Flow Video Player	eng	2011
Flow Video Player	eng	2011
Native Video	English	
Flow Video Player		
Flow Video Player	eng	
PDF.js	English	2011
PDF.js	English	
PDF.js	English	
PDF.js	English	
PDF.js	English	
PDF.js	English	2010
PDF.js	English	2010
PDF.js	English	2010
PDF.js	English	2011
PDF.js	English	2009
PDF.js	English	2009
PDF.js	eng	2009
PDF.js	English	2011
PDF.js	English	2009
PDF.js	English	2009
PDF.js	English	2010
PDF.js	English	2006
PDF.js	eng	
PDF.js	eng	2002
PDF.js	eng	
PDF.js	eng	
PDF.js	eng	2012
